mass_g,sphere_endurance_factor,prolate_ellipsoid_endurance_factor,cuboid_endurance_factor,flattened_ellipsoid_endurance_factor
1,999.999999999999,999.999999999999,999.999999999999,999.999999999999
2,999.999999999999,999.999999999999,999.999999999999,999.999999999999
3,999.999999999999,999.999999999999,999.999999999999,999.999999999999
4,999.999999999999,999.999999999999,999.999999999999,999.999999999999
5,999.999999999999,999.999999999999,999.999999999999,999.999999999999
6,999.999999999999,999.999999999999,999.999999999999,999.999999999999
7,999.999999999999,999.999999999999,999.999999999999,999.999999999999
8,999.999999999999,999.999999999999,999.999999999999,999.999999999999
9,999.999999999999,999.999999999999,999.999999999999,999.999999999999
10,999.999999999999,999.999999999999,999.999999999999,999.999999999999
11,999.999999999999,999.999999999999,999.999999999999,999.999999999999
12,999.999999999999,999.999999999999,999.999999999999,999.999999999999
13,999.999999999999,999.999999999999,999.999999999999,999.999999999999
14,999.999999999999,999.999999999999,999.999999999999,999.999999999999
15,999.999999999999,999.999999999999,999.999999999999,999.999999999999
16,999.999999999999,999.999999999999,999.999999999999,999.999999999999
17,999.999999999999,999.999999999999,999.999999999999,999.999999999999
18,999.999999999999,999.999999999999,999.999999999999,999.999999999999
19,999.999999999999,999.999999999999,999.999999999999,999.999999999999
20,999.999999999999,999.999999999999,999.999999999999,999.999999999999
21,999.999999999999,999.999999999999,999.999999999999,999.999999999999
22,999.999999999999,999.999999999999,999.999999999999,999.999999999999
23,999.999999999999,999.999999999999,999.999999999999,999.999999999999
24,999.999999999999,999.999999999999,999.999999999999,999.999999999999
25,999.999999999999,999.999999999999,999.999999999999,999.999999999999
26,999.999999999999,999.999999999999,999.999999999999,999.999999999999
27,999.999999999999,999.999999999999,999.999999999999,999.999999999999
28,999.999999999999,999.999999999999,999.999999999999,999.999999999999
29,999.999999999999,999.999999999999,999.999999999999,999.999999999999
30,999.999999999999,999.999999999999,999.999999999999,999.999999999999
31,999.999999999999,999.999999999999,999.999999999999,999.999999999999
32,999.999999999999,999.999999999999,999.999999999999,999.999999999999
33,999.999999999999,999.999999999999,999.999999999999,999.999999999999
34,999.999999999999,999.999999999999,999.999999999999,999.999999999999
35,999.999999999999,999.999999999999,999.999999999999,999.999999999999
36,999.999999999999,999.999999999999,999.999999999999,999.999999999999
37,999.999999999999,999.999999999999,999.999999999999,999.999999999999
38,999.999999999999,999.999999999999,999.999999999999,999.999999999999
39,999.999999999999,999.999999999999,999.999999999999,999.999999999999
40,999.999999999999,999.999999999999,999.999999999999,999.999999999999
41,999.999999999999,999.999999999999,999.999999999999,999.999999999999
42,999.999999999999,999.999999999999,999.999999999999,999.999999999999
43,999.999999999999,999.999999999999,999.999999999999,999.999999999999
44,999.999999999999,999.999999999999,999.999999999999,999.999999999999
45,999.999999999999,999.999999999999,999.999999999999,999.999999999999
46,999.999999999999,999.999999999999,999.999999999999,999.999999999999
47,999.999999999999,999.999999999999,999.999999999999,999.999999999999
48,999.999999999999,999.999999999999,999.999999999999,999.999999999999
49,999.999999999999,999.999999999999,999.999999999999,999.999999999999
50,999.999999999999,999.999999999999,999.999999999999,999.999999999999
51,999.999999999999,999.999999999999,999.999999999999,999.999999999999
52,999.999999999999,999.999999999999,999.999999999999,999.999999999999
53,999.999999999999,999.999999999999,999.999999999999,999.999999999999
54,999.999999999999,999.999999999999,999.999999999999,999.999999999999
55,999.999999999999,999.999999999999,999.999999999999,999.999999999999
56,999.999999999999,999.999999999999,999.999999999999,999.999999999999
57,999.999999999999,999.999999999999,999.999999999999,999.999999999999
58,999.999999999999,999.999999999999,999.999999999999,999.999999999999
59,999.999999999999,999.999999999999,999.999999999999,999.999999999999
60,999.999999999999,999.999999999999,999.999999999999,999.999999999999
61,999.999999999999,999.999999999999,999.999999999999,999.999999999999
62,999.999999999999,999.999999999999,999.999999999999,999.999999999999
63,999.999999999999,999.999999999999,999.999999999999,999.999999999999
64,999.999999999999,999.999999999999,999.999999999999,999.999999999999
65,999.999999999999,999.999999999999,999.999999999999,999.999999999999
66,999.999999999999,999.999999999999,999.999999999999,999.999999999999
67,999.999999999999,999.999999999999,999.999999999999,999.999999999999
68,999.999999999999,999.999999999999,999.999999999999,999.999999999999
69,999.999999999999,999.999999999999,999.999999999999,999.999999999999
70,999.999999999999,999.999999999999,999.999999999999,999.999999999999
71,999.999999999999,999.999999999999,999.999999999999,999.999999999999
72,999.999999999999,999.999999999999,999.999999999999,999.999999999999
73,999.999999999999,999.999999999999,999.999999999999,999.999999999999
74,999.999999999999,999.999999999999,999.999999999999,999.999999999999
75,999.999999999999,999.999999999999,999.999999999999,999.999999999999
76,999.999999999999,999.999999999999,999.999999999999,999.999999999999
77,999.999999999999,999.999999999999,999.999999999999,999.999999999999
78,999.999999999999,999.999999999999,999.999999999999,999.999999999999
79,999.999999999999,999.999999999999,999.999999999999,999.999999999999
80,999.999999999999,999.999999999999,999.999999999999,999.999999999999
81,999.999999999999,999.999999999999,999.999999999999,999.999999999999
82,999.999999999999,999.999999999999,999.999999999999,999.999999999999
83,999.999999999999,999.999999999999,999.999999999999,999.999999999999
84,999.999999999999,999.999999999999,999.999999999999,999.999999999999
85,999.999999999999,999.999999999999,999.999999999999,999.999999999999
86,999.999999999999,999.999999999999,999.999999999999,999.999999999999
87,999.999999999999,999.999999999999,999.999999999999,999.999999999999
88,999.999999999999,999.999999999999,999.999999999999,999.999999999999
89,999.999999999999,999.999999999999,999.999999999999,999.999999999999
90,999.999999999999,999.999999999999,999.999999999999,999.999999999999
91,999.999999999999,999.999999999999,999.999999999999,999.999999999999
92,999.999999999999,999.999999999999,999.999999999999,999.999999999999
93,999.999999999999,999.999999999999,999.999999999999,999.999999999999
94,999.999999999999,999.999999999999,999.999999999999,999.999999999999
95,999.999999999999,999.999999999999,999.999999999999,999.999999999999
96,999.999999999999,999.999999999999,999.999999999999,999.999999999999
97,999.999999999999,999.999999999999,999.999999999999,999.999999999999
98,999.999999999999,999.999999999999,999.999999999999,999.999999999999
99,999.999999999999,999.999999999999,999.999999999999,999.999999999999
100,999.999999999999,999.999999999999,999.999999999999,999.999999999999
